Year,district_code,district_code2,district_name,Total_pop,Total_nat
1993,11,11,Rathaus,3133,66
1993,12,12,Hochschulen,808,32
1993,13,13,Lindenhof,1136,32
1993,14,14,City,884,36
1993,21,21,Wollishofen,15927,83
1993,23,23,Leimbach,4555,54
1993,24,24,Enge,8125,73
1993,31,31,Alt-Wiedikon,14637,97
1993,33,33,Friesenberg,10167,77
1993,34,34,Sihlfeld,21536,99
1993,41,41,Werd,4048,68
1993,42,42,Langstrasse,11505,94
1993,44,44,Hard,12747,81
1993,51,51,Gewerbeschule,9948,95
1993,52,52,Escher Wyss,1547,42
1993,61,61,Unterstrass,20425,97
1993,63,63,Oberstrass,10154,87
1993,71,71,Fluntern,7188,68
1993,72,72,Hottingen,10139,83
1993,73,73,Hirslanden,6835,69
1993,74,74,Witikon,9626,74
1993,81,81,Seefeld,5283,78
1993,82,82,Mühlebach,5694,80
1993,83,83,Weinegg,4856,70
1993,91,91,Albisrieden,17132,80
1993,92,92,Altstetten,27871,100
1993,101,101,Höngg,19118,85
1993,102,102,Wipkingen,15974,97
1993,111,111,Affoltern,18095,85
1993,115,115,Oerlikon,16710,93
1993,119,119,Seebach,17614,92
1993,121,121,Saatlen,6472,60
1993,122,122,Schwamendingen-Mitte,10175,75
1993,123,123,Hirzenbach,10834,82
1994,11,11,Rathaus,3089,67
1994,12,12,Hochschulen,806,34
1994,13,13,Lindenhof,1087,35
1994,14,14,City,845,38
1994,21,21,Wollishofen,15902,85
1994,23,23,Leimbach,4598,60
1994,24,24,Enge,8122,81
1994,31,31,Alt-Wiedikon,14803,98
1994,33,33,Friesenberg,10213,80
1994,34,34,Sihlfeld,21569,107
1994,41,41,Werd,4125,67
1994,42,42,Langstrasse,11183,96
1994,44,44,Hard,12816,85
1994,51,51,Gewerbeschule,9773,91
1994,52,52,Escher Wyss,1596,44
1994,61,61,Unterstrass,20477,100
1994,63,63,Oberstrass,10266,85
1994,71,71,Fluntern,7085,73
1994,72,72,Hottingen,10229,90
1994,73,73,Hirslanden,6750,70
1994,74,74,Witikon,9661,75
1994,81,81,Seefeld,5304,81
1994,82,82,Mühlebach,5611,81
1994,83,83,Weinegg,4883,69
1994,91,91,Albisrieden,17058,82
1994,92,92,Altstetten,27717,103
1994,101,101,Höngg,19184,92
1994,102,102,Wipkingen,16057,95
1994,111,111,Affoltern,18061,87
1994,115,115,Oerlikon,16771,99
1994,119,119,Seebach,17642,95
1994,121,121,Saatlen,6430,63
1994,122,122,Schwamendingen-Mitte,10240,81
1994,123,123,Hirzenbach,10895,81
1995,11,11,Rathaus,3049,64
1995,12,12,Hochschulen,782,40
1995,13,13,Lindenhof,1096,36
1995,14,14,City,1007,44
1995,21,21,Wollishofen,15918,87
1995,23,23,Leimbach,4647,62
1995,24,24,Enge,8174,82
1995,31,31,Alt-Wiedikon,14719,97
1995,33,33,Friesenberg,10155,79
1995,34,34,Sihlfeld,21453,109
1995,41,41,Werd,4005,65
1995,42,42,Langstrasse,10952,100
1995,44,44,Hard,12872,87
1995,51,51,Gewerbeschule,9811,93
1995,52,52,Escher Wyss,1649,46
1995,61,61,Unterstrass,20356,102
1995,63,63,Oberstrass,10121,88
1995,71,71,Fluntern,7151,77
1995,72,72,Hottingen,10234,84
1995,73,73,Hirslanden,6654,73
1995,74,74,Witikon,9732,80
1995,81,81,Seefeld,5281,80
1995,82,82,Mühlebach,5611,81
1995,83,83,Weinegg,4871,71
1995,91,91,Albisrieden,16843,86
1995,92,92,Altstetten,27788,110
1995,101,101,Höngg,19243,88
1995,102,102,Wipkingen,16080,99
1995,111,111,Affoltern,18154,91
1995,115,115,Oerlikon,17033,98
1995,119,119,Seebach,17700,99
1995,121,121,Saatlen,6442,71
1995,122,122,Schwamendingen-Mitte,10248,84
1995,123,123,Hirzenbach,10995,84
1996,11,11,Rathaus,3078,72
1996,12,12,Hochschulen,753,38
1996,13,13,Lindenhof,1044,35
1996,14,14,City,981,43
1996,21,21,Wollishofen,15844,87
1996,23,23,Leimbach,4553,61
1996,24,24,Enge,8155,81
1996,31,31,Alt-Wiedikon,14869,101
1996,33,33,Friesenberg,9993,76
1996,34,34,Sihlfeld,21233,112
1996,41,41,Werd,3979,71
1996,42,42,Langstrasse,10718,98
1996,44,44,Hard,12937,88
1996,51,51,Gewerbeschule,9700,97
1996,52,52,Escher Wyss,1641,43
1996,61,61,Unterstrass,20318,103
1996,63,63,Oberstrass,10110,91
1996,71,71,Fluntern,7178,79
1996,72,72,Hottingen,10348,86
1996,73,73,Hirslanden,6703,71
1996,74,74,Witikon,9647,78
1996,81,81,Seefeld,5226,84
1996,82,82,Mühlebach,5566,74
1996,83,83,Weinegg,4900,69
1996,91,91,Albisrieden,16705,93
1996,92,92,Altstetten,27660,114
1996,101,101,Höngg,19604,92
1996,102,102,Wipkingen,16131,101
1996,111,111,Affoltern,18122,89
1996,115,115,Oerlikon,16813,107
1996,119,119,Seebach,17624,102
1996,121,121,Saatlen,6384,66
1996,122,122,Schwamendingen-Mitte,10141,84
1996,123,123,Hirzenbach,10990,91
1997,11,11,Rathaus,3083,66
1997,12,12,Hochschulen,762,42
1997,13,13,Lindenhof,1025,34
1997,14,14,City,996,42
1997,21,21,Wollishofen,15820,96
1997,23,23,Leimbach,4484,63
1997,24,24,Enge,8164,79
1997,31,31,Alt-Wiedikon,15000,106
1997,33,33,Friesenberg,9991,80
1997,34,34,Sihlfeld,21132,111
1997,41,41,Werd,3928,76
1997,42,42,Langstrasse,10480,99
1997,44,44,Hard,12884,90
1997,51,51,Gewerbeschule,9525,98
1997,52,52,Escher Wyss,1622,51
1997,61,61,Unterstrass,20281,105
1997,63,63,Oberstrass,9994,88
1997,71,71,Fluntern,7191,82
1997,72,72,Hottingen,10326,88
1997,73,73,Hirslanden,6659,79
1997,74,74,Witikon,9577,80
1997,81,81,Seefeld,5155,82
1997,82,82,Mühlebach,5474,78
1997,83,83,Weinegg,4799,67
1997,91,91,Albisrieden,16630,92
1997,92,92,Altstetten,27663,112
1997,101,101,Höngg,19793,96
1997,102,102,Wipkingen,15817,105
1997,111,111,Affoltern,18177,96
1997,115,115,Oerlikon,16765,106
1997,119,119,Seebach,17719,103
1997,121,121,Saatlen,6428,71
1997,122,122,Schwamendingen-Mitte,10237,91
1997,123,123,Hirzenbach,11013,90
1998,11,11,Rathaus,3050,66
1998,12,12,Hochschulen,792,47
1998,13,13,Lindenhof,995,39
1998,14,14,City,1030,48
1998,21,21,Wollishofen,15826,94
1998,23,23,Leimbach,4619,70
1998,24,24,Enge,8150,85
1998,31,31,Alt-Wiedikon,14975,108
1998,33,33,Friesenberg,10029,77
1998,34,34,Sihlfeld,21018,119
1998,41,41,Werd,3913,75
1998,42,42,Langstrasse,10399,98
1998,44,44,Hard,12871,97
1998,51,51,Gewerbeschule,9464,102
1998,52,52,Escher Wyss,1579,47
1998,61,61,Unterstrass,20266,100
1998,63,63,Oberstrass,9907,85
1998,71,71,Fluntern,7272,79
1998,72,72,Hottingen,10240,85
1998,73,73,Hirslanden,6702,74
1998,74,74,Witikon,9553,79
1998,81,81,Seefeld,5087,81
1998,82,82,Mühlebach,5461,81
1998,83,83,Weinegg,4816,68
1998,91,91,Albisrieden,16548,98
1998,92,92,Altstetten,27656,110
1998,101,101,Höngg,20054,95
1998,102,102,Wipkingen,15643,112
1998,111,111,Affoltern,18469,101
1998,115,115,Oerlikon,17026,110
1998,119,119,Seebach,17906,104
1998,121,121,Saatlen,6568,68
1998,122,122,Schwamendingen-Mitte,10174,95
1998,123,123,Hirzenbach,11015,87
1999,11,11,Rathaus,3104,72
1999,12,12,Hochschulen,769,46
1999,13,13,Lindenhof,1032,30
1999,14,14,City,967,46
1999,21,21,Wollishofen,15896,95
1999,23,23,Leimbach,4650,70
1999,24,24,Enge,8134,84
1999,31,31,Alt-Wiedikon,14889,107
1999,33,33,Friesenberg,10013,83
1999,34,34,Sihlfeld,20997,117
1999,41,41,Werd,3966,77
1999,42,42,Langstrasse,10370,98
1999,44,44,Hard,12951,102
1999,51,51,Gewerbeschule,9594,103
1999,52,52,Escher Wyss,1953,50
1999,61,61,Unterstrass,20083,106
1999,63,63,Oberstrass,9897,94
1999,71,71,Fluntern,7298,90
1999,72,72,Hottingen,10307,88
1999,73,73,Hirslanden,6837,70
1999,74,74,Witikon,9554,79
1999,81,81,Seefeld,4969,73
1999,82,82,Mühlebach,5527,80
1999,83,83,Weinegg,4800,73
1999,91,91,Albisrieden,16341,104
1999,92,92,Altstetten,27928,112
1999,101,101,Höngg,20559,106
1999,102,102,Wipkingen,15531,112
1999,111,111,Affoltern,18468,107
1999,115,115,Oerlikon,17368,114
1999,119,119,Seebach,17889,108
1999,121,121,Saatlen,6554,78
1999,122,122,Schwamendingen-Mitte,10390,99
1999,123,123,Hirzenbach,11119,91
2000,11,11,Rathaus,3109,69
2000,12,12,Hochschulen,759,48
2000,13,13,Lindenhof,989,35
2000,14,14,City,929,51
2000,21,21,Wollishofen,16102,96
2000,23,23,Leimbach,4644,77
2000,24,24,Enge,8189,84
2000,31,31,Alt-Wiedikon,14789,105
2000,33,33,Friesenberg,9972,85
2000,34,34,Sihlfeld,20887,122
2000,41,41,Werd,3917,85
2000,42,42,Langstrasse,10237,109
2000,44,44,Hard,12875,100
2000,51,51,Gewerbeschule,9824,107
2000,52,52,Escher Wyss,1929,54
2000,61,61,Unterstrass,19933,109
2000,63,63,Oberstrass,9864,94
2000,71,71,Fluntern,7267,81
2000,72,72,Hottingen,10147,88
2000,73,73,Hirslanden,6759,72
2000,74,74,Witikon,9544,82
2000,81,81,Seefeld,4989,79
2000,82,82,Mühlebach,5545,81
2000,83,83,Weinegg,4804,73
2000,91,91,Albisrieden,16445,106
2000,92,92,Altstetten,28174,117
2000,101,101,Höngg,20423,102
2000,102,102,Wipkingen,15704,111
2000,111,111,Affoltern,18387,103
2000,115,115,Oerlikon,17876,117
2000,119,119,Seebach,17870,110
2000,121,121,Saatlen,6338,78
2000,122,122,Schwamendingen-Mitte,10479,100
2000,123,123,Hirzenbach,11281,96
2001,11,11,Rathaus,3103,71
2001,12,12,Hochschulen,738,50
2001,13,13,Lindenhof,948,36
2001,14,14,City,907,47
2001,21,21,Wollishofen,15928,98
2001,23,23,Leimbach,4668,72
2001,24,24,Enge,8102,84
2001,31,31,Alt-Wiedikon,14692,106
2001,33,33,Friesenberg,10042,87
2001,34,34,Sihlfeld,20704,121
2001,41,41,Werd,3838,84
2001,42,42,Langstrasse,10276,104
2001,44,44,Hard,12841,102
2001,51,51,Gewerbeschule,9835,109
2001,52,52,Escher Wyss,2133,57
2001,61,61,Unterstrass,19831,114
2001,63,63,Oberstrass,9764,94
2001,71,71,Fluntern,7221,81
2001,72,72,Hottingen,10096,90
2001,73,73,Hirslanden,6800,72
2001,74,74,Witikon,9559,82
2001,81,81,Seefeld,5025,79
2001,82,82,Mühlebach,5486,77
2001,83,83,Weinegg,4816,77
2001,91,91,Albisrieden,16614,109
2001,92,92,Altstetten,28783,117
2001,101,101,Höngg,20588,112
2001,102,102,Wipkingen,15567,110
2001,111,111,Affoltern,18693,104
2001,115,115,Oerlikon,18223,121
2001,119,119,Seebach,18103,113
2001,121,121,Saatlen,6386,73
2001,122,122,Schwamendingen-Mitte,10430,98
2001,123,123,Hirzenbach,11302,100
2002,11,11,Rathaus,3128,71
2002,12,12,Hochschulen,727,44
2002,13,13,Lindenhof,950,33
2002,14,14,City,910,45
2002,21,21,Wollishofen,15771,102
2002,23,23,Leimbach,4681,73
2002,24,24,Enge,8279,86
2002,31,31,Alt-Wiedikon,14811,102
2002,33,33,Friesenberg,10188,88
2002,34,34,Sihlfeld,20731,122
2002,41,41,Werd,3850,84
2002,42,42,Langstrasse,10447,108
2002,44,44,Hard,12856,104
2002,51,51,Gewerbeschule,9900,106
2002,52,52,Escher Wyss,2516,58
2002,61,61,Unterstrass,19863,112
2002,63,63,Oberstrass,9725,93
2002,71,71,Fluntern,7069,77
2002,72,72,Hottingen,10021,94
2002,73,73,Hirslanden,6781,76
2002,74,74,Witikon,9571,85
2002,81,81,Seefeld,5122,99
2002,82,82,Mühlebach,5450,80
2002,83,83,Weinegg,4776,76
2002,91,91,Albisrieden,16669,110
2002,92,92,Altstetten,28776,118
2002,101,101,Höngg,20570,111
2002,102,102,Wipkingen,15495,114
2002,111,111,Affoltern,18705,113
2002,115,115,Oerlikon,18778,117
2002,119,119,Seebach,18972,120
2002,121,121,Saatlen,6663,75
2002,122,122,Schwamendingen-Mitte,10373,102
2002,123,123,Hirzenbach,11434,101
2003,11,11,Rathaus,3149,69
2003,12,12,Hochschulen,723,50
2003,13,13,Lindenhof,942,36
2003,14,14,City,886,44
2003,21,21,Wollishofen,15468,99
2003,23,23,Leimbach,4830,72
2003,24,24,Enge,8228,88
2003,31,31,Alt-Wiedikon,14459,107
2003,33,33,Friesenberg,10387,91
2003,34,34,Sihlfeld,20663,118
2003,41,41,Werd,3788,84
2003,42,42,Langstrasse,10304,112
2003,44,44,Hard,12817,106
2003,51,51,Gewerbeschule,9781,102
2003,52,52,Escher Wyss,2465,59
2003,61,61,Unterstrass,19882,114
2003,63,63,Oberstrass,9689,98
2003,71,71,Fluntern,7102,78
2003,72,72,Hottingen,10017,92
2003,73,73,Hirslanden,6795,76
2003,74,74,Witikon,9503,86
2003,81,81,Seefeld,4996,84
2003,82,82,Mühlebach,5434,80
2003,83,83,Weinegg,4747,74
2003,91,91,Albisrieden,17018,110
2003,92,92,Altstetten,28323,125
2003,101,101,Höngg,20810,113
2003,102,102,Wipkingen,15476,114
2003,111,111,Affoltern,18787,115
2003,115,115,Oerlikon,19217,121
2003,119,119,Seebach,19438,120
2003,121,121,Saatlen,6583,76
2003,122,122,Schwamendingen-Mitte,10389,104
2003,123,123,Hirzenbach,11432,101
2004,11,11,Rathaus,3115,75
2004,12,12,Hochschulen,725,53
2004,13,13,Lindenhof,947,42
2004,14,14,City,843,42
2004,21,21,Wollishofen,15499,99
2004,23,23,Leimbach,4778,71
2004,24,24,Enge,8209,82
2004,31,31,Alt-Wiedikon,14551,110
2004,33,33,Friesenberg,10326,90
2004,34,34,Sihlfeld,20567,117
2004,41,41,Werd,3763,81
2004,42,42,Langstrasse,10319,108
2004,44,44,Hard,12804,108
2004,51,51,Gewerbeschule,9773,107
2004,52,52,Escher Wyss,2624,62
2004,61,61,Unterstrass,19742,119
2004,63,63,Oberstrass,9546,98
2004,71,71,Fluntern,7285,82
2004,72,72,Hottingen,9926,89
2004,73,73,Hirslanden,6806,76
2004,74,74,Witikon,9711,91
2004,81,81,Seefeld,4993,82
2004,82,82,Mühlebach,5546,86
2004,83,83,Weinegg,4771,71
2004,91,91,Albisrieden,17087,107
2004,92,92,Altstetten,28368,124
2004,101,101,Höngg,20856,113
2004,102,102,Wipkingen,15428,114
2004,111,111,Affoltern,18886,117
2004,115,115,Oerlikon,19375,126
2004,119,119,Seebach,19501,120
2004,121,121,Saatlen,6697,79
2004,122,122,Schwamendingen-Mitte,10274,99
2004,123,123,Hirzenbach,11336,103
2005,11,11,Rathaus,3081,79
2005,12,12,Hochschulen,695,46
2005,13,13,Lindenhof,950,36
2005,14,14,City,846,45
2005,21,21,Wollishofen,15592,97
2005,23,23,Leimbach,4867,75
2005,24,24,Enge,8375,86
2005,31,31,Alt-Wiedikon,14971,109
2005,33,33,Friesenberg,10360,92
2005,34,34,Sihlfeld,20554,121
2005,41,41,Werd,3878,80
2005,42,42,Langstrasse,10368,112
2005,44,44,Hard,12715,105
2005,51,51,Gewerbeschule,9690,108
2005,52,52,Escher Wyss,2727,67
2005,61,61,Unterstrass,19921,116
2005,63,63,Oberstrass,9494,93
2005,71,71,Fluntern,7325,78
2005,72,72,Hottingen,10100,90
2005,73,73,Hirslanden,6859,75
2005,74,74,Witikon,9864,91
2005,81,81,Seefeld,4923,84
2005,82,82,Mühlebach,5577,89
2005,83,83,Weinegg,4843,73
2005,91,91,Albisrieden,17226,110
2005,92,92,Altstetten,28278,121
2005,101,101,Höngg,20773,111
2005,102,102,Wipkingen,15446,117
2005,111,111,Affoltern,18733,106
2005,115,115,Oerlikon,19663,121
2005,119,119,Seebach,19879,125
2005,121,121,Saatlen,6649,83
2005,122,122,Schwamendingen-Mitte,10322,100
2005,123,123,Hirzenbach,11265,98
2006,11,11,Rathaus,3097,79
2006,12,12,Hochschulen,711,46
2006,13,13,Lindenhof,955,40
2006,14,14,City,845,42
2006,21,21,Wollishofen,15587,99
2006,23,23,Leimbach,4944,76
2006,24,24,Enge,8367,84
2006,31,31,Alt-Wiedikon,15231,114
2006,33,33,Friesenberg,10342,91
2006,34,34,Sihlfeld,20314,117
2006,41,41,Werd,3865,84
2006,42,42,Langstrasse,10332,112
2006,44,44,Hard,12508,106
2006,51,51,Gewerbeschule,9735,102
2006,52,52,Escher Wyss,2987,68
2006,61,61,Unterstrass,19959,115
2006,63,63,Oberstrass,9698,94
2006,71,71,Fluntern,7379,77
2006,72,72,Hottingen,10180,88
2006,73,73,Hirslanden,6904,79
2006,74,74,Witikon,9958,88
2006,81,81,Seefeld,4842,83
2006,82,82,Mühlebach,5549,88
2006,83,83,Weinegg,4816,70
2006,91,91,Albisrieden,17275,114
2006,92,92,Altstetten,28868,129
2006,101,101,Höngg,21017,113
2006,102,102,Wipkingen,15392,114
2006,111,111,Affoltern,18793,104
2006,115,115,Oerlikon,20318,123
2006,119,119,Seebach,20757,124
2006,121,121,Saatlen,6695,93
2006,122,122,Schwamendingen-Mitte,10637,105
2006,123,123,Hirzenbach,11205,103
2007,11,11,Rathaus,3079,77
2007,12,12,Hochschulen,698,47
2007,13,13,Lindenhof,954,38
2007,14,14,City,876,43
2007,21,21,Wollishofen,15744,102
2007,23,23,Leimbach,5204,76
2007,24,24,Enge,8473,84
2007,31,31,Alt-Wiedikon,15440,118
2007,33,33,Friesenberg,10296,95
2007,34,34,Sihlfeld,20372,115
2007,41,41,Werd,3944,87
2007,42,42,Langstrasse,10310,110
2007,44,44,Hard,12802,108
2007,51,51,Gewerbeschule,9706,101
2007,52,52,Escher Wyss,3008,68
2007,61,61,Unterstrass,20243,118
2007,63,63,Oberstrass,9960,98
2007,71,71,Fluntern,7455,82
2007,72,72,Hottingen,10284,91
2007,73,73,Hirslanden,6977,80
2007,74,74,Witikon,10127,88
2007,81,81,Seefeld,4920,82
2007,82,82,Mühlebach,5567,93
2007,83,83,Weinegg,4944,79
2007,91,91,Albisrieden,17527,112
2007,92,92,Altstetten,29348,128
2007,101,101,Höngg,21075,108
2007,102,102,Wipkingen,15399,110
2007,111,111,Affoltern,20948,115
2007,115,115,Oerlikon,20754,119
2007,119,119,Seebach,21390,123
2007,121,121,Saatlen,6842,89
2007,122,122,Schwamendingen-Mitte,10806,107
2007,123,123,Hirzenbach,11343,107
2008,11,11,Rathaus,3051,79
2008,12,12,Hochschulen,702,45
2008,13,13,Lindenhof,940,37
2008,14,14,City,843,41
2008,21,21,Wollishofen,15794,105
2008,23,23,Leimbach,5185,78
2008,24,24,Enge,8552,92
2008,31,31,Alt-Wiedikon,15727,115
2008,33,33,Friesenberg,10325,93
2008,34,34,Sihlfeld,20543,115
2008,41,41,Werd,4015,83
2008,42,42,Langstrasse,10455,115
2008,44,44,Hard,12884,106
2008,51,51,Gewerbeschule,9751,103
2008,52,52,Escher Wyss,2971,70
2008,61,61,Unterstrass,20655,116
2008,63,63,Oberstrass,10102,102
2008,71,71,Fluntern,7542,80
2008,72,72,Hottingen,10548,94
2008,73,73,Hirslanden,6967,87
2008,74,74,Witikon,10183,91
2008,81,81,Seefeld,4863,89
2008,82,82,Mühlebach,5491,88
2008,83,83,Weinegg,4961,78
2008,91,91,Albisrieden,17555,107
2008,92,92,Altstetten,29740,121
2008,101,101,Höngg,21186,109
2008,102,102,Wipkingen,15500,111
2008,111,111,Affoltern,22044,118
2008,115,115,Oerlikon,20853,123
2008,119,119,Seebach,21386,124
2008,121,121,Saatlen,6843,90
2008,122,122,Schwamendingen-Mitte,10864,108
2008,123,123,Hirzenbach,11478,105
2009,11,11,Rathaus,3110,79
2009,12,12,Hochschulen,673,47
2009,13,13,Lindenhof,940,38
2009,14,14,City,853,43
2009,21,21,Wollishofen,15854,108
2009,23,23,Leimbach,5287,77
2009,24,24,Enge,8668,92
2009,31,31,Alt-Wiedikon,15504,116
2009,33,33,Friesenberg,11003,107
2009,34,34,Sihlfeld,20464,113
2009,41,41,Werd,4104,83
2009,42,42,Langstrasse,10392,109
2009,44,44,Hard,12902,106
2009,51,51,Gewerbeschule,9717,105
2009,52,52,Escher Wyss,3060,65
2009,61,61,Unterstrass,21080,122
2009,63,63,Oberstrass,10051,100
2009,71,71,Fluntern,7528,81
2009,72,72,Hottingen,10594,97
2009,73,73,Hirslanden,6956,88
2009,74,74,Witikon,10284,98
2009,81,81,Seefeld,4732,78
2009,82,82,Mühlebach,5545,87
2009,83,83,Weinegg,4935,76
2009,91,91,Albisrieden,17675,112
2009,92,92,Altstetten,29845,121
2009,101,101,Höngg,21294,106
2009,102,102,Wipkingen,15645,113
2009,111,111,Affoltern,22383,117
2009,115,115,Oerlikon,20740,124
2009,119,119,Seebach,21489,122
2009,121,121,Saatlen,7132,90
2009,122,122,Schwamendingen-Mitte,10857,109
2009,123,123,Hirzenbach,11610,106
2010,11,11,Rathaus,3099,80
2010,12,12,Hochschulen,678,43
2010,13,13,Lindenhof,951,43
2010,14,14,City,835,44
2010,21,21,Wollishofen,15988,109
2010,23,23,Leimbach,5293,76
2010,24,24,Enge,8597,95
2010,31,31,Alt-Wiedikon,15988,113
2010,33,33,Friesenberg,10596,99
2010,34,34,Sihlfeld,20115,114
2010,41,41,Werd,4167,86
2010,42,42,Langstrasse,10379,111
2010,44,44,Hard,12883,108
2010,51,51,Gewerbeschule,9688,112
2010,52,52,Escher Wyss,3076,66
2010,61,61,Unterstrass,21233,121
2010,63,63,Oberstrass,10231,103
2010,71,71,Fluntern,7637,87
2010,72,72,Hottingen,10570,101
2010,73,73,Hirslanden,6998,85
2010,74,74,Witikon,10242,94
2010,81,81,Seefeld,4840,78
2010,82,82,Mühlebach,5679,85
2010,83,83,Weinegg,4999,84
2010,91,91,Albisrieden,17835,111
2010,92,92,Altstetten,30659,129
2010,101,101,Höngg,21179,105
2010,102,102,Wipkingen,15700,112
2010,111,111,Affoltern,22972,117
2010,115,115,Oerlikon,20787,124
2010,119,119,Seebach,22037,126
2010,121,121,Saatlen,7175,93
2010,122,122,Schwamendingen-Mitte,10903,113
2010,123,123,Hirzenbach,11459,107
2011,11,11,Rathaus,3140,77
2011,12,12,Hochschulen,681,39
2011,13,13,Lindenhof,950,45
2011,14,14,City,779,43
2011,21,21,Wollishofen,16055,110
2011,23,23,Leimbach,5340,81
2011,24,24,Enge,8684,96
2011,31,31,Alt-Wiedikon,16014,115
2011,33,33,Friesenberg,10622,101
2011,34,34,Sihlfeld,20307,117
2011,41,41,Werd,4189,91
2011,42,42,Langstrasse,10520,111
2011,44,44,Hard,12744,112
2011,51,51,Gewerbeschule,9795,111
2011,52,52,Escher Wyss,3129,68
2011,61,61,Unterstrass,21240,122
2011,63,63,Oberstrass,10316,101
2011,71,71,Fluntern,7873,93
2011,72,72,Hottingen,10461,96
2011,73,73,Hirslanden,7024,90
2011,74,74,Witikon,10258,97
2011,81,81,Seefeld,4908,75
2011,82,82,Mühlebach,5651,88
2011,83,83,Weinegg,4942,85
2011,91,91,Albisrieden,18432,118
2011,92,92,Altstetten,31381,131
2011,101,101,Höngg,21323,107
2011,102,102,Wipkingen,15869,114
2011,111,111,Affoltern,24437,123
2011,115,115,Oerlikon,21253,127
2011,119,119,Seebach,22255,131
2011,121,121,Saatlen,7131,95
2011,122,122,Schwamendingen-Mitte,10863,110
2011,123,123,Hirzenbach,11516,110
2012,11,11,Rathaus,3164,79
2012,12,12,Hochschulen,673,44
2012,13,13,Lindenhof,935,42
2012,14,14,City,799,44
2012,21,21,Wollishofen,16029,110
2012,23,23,Leimbach,5354,83
2012,24,24,Enge,8702,100
2012,31,31,Alt-Wiedikon,16109,111
2012,33,33,Friesenberg,10986,115
2012,34,34,Sihlfeld,20831,115
2012,41,41,Werd,4195,86
2012,42,42,Langstrasse,10560,109
2012,44,44,Hard,12994,114
2012,51,51,Gewerbeschule,9824,110
2012,52,52,Escher Wyss,3343,69
2012,61,61,Unterstrass,21442,124
2012,63,63,Oberstrass,10308,103
2012,71,71,Fluntern,7779,90
2012,72,72,Hottingen,10447,99
2012,73,73,Hirslanden,7131,82
2012,74,74,Witikon,10246,101
2012,81,81,Seefeld,4916,77
2012,82,82,Mühlebach,5745,91
2012,83,83,Weinegg,4783,81
2012,91,91,Albisrieden,18999,115
2012,92,92,Altstetten,31438,132
2012,101,101,Höngg,21537,111
2012,102,102,Wipkingen,15791,116
2012,111,111,Affoltern,24855,122
2012,115,115,Oerlikon,21331,129
2012,119,119,Seebach,23310,126
2012,121,121,Saatlen,7118,98
2012,122,122,Schwamendingen-Mitte,10934,114
2012,123,123,Hirzenbach,11404,111
2013,11,11,Rathaus,3194,81
2013,12,12,Hochschulen,665,37
2013,13,13,Lindenhof,923,44
2013,14,14,City,783,46
2013,21,21,Wollishofen,15937,108
2013,23,23,Leimbach,5730,90
2013,24,24,Enge,8836,101
2013,31,31,Alt-Wiedikon,16706,114
2013,33,33,Friesenberg,10696,103
2013,34,34,Sihlfeld,20931,114
2013,41,41,Werd,4188,80
2013,42,42,Langstrasse,10686,106
2013,44,44,Hard,13241,116
2013,51,51,Gewerbeschule,9626,106
2013,52,52,Escher Wyss,4010,76
2013,61,61,Unterstrass,21876,127
2013,63,63,Oberstrass,10452,98
2013,71,71,Fluntern,7856,89
2013,72,72,Hottingen,10708,97
2013,73,73,Hirslanden,7285,84
2013,74,74,Witikon,10267,98
2013,81,81,Seefeld,4978,82
2013,82,82,Mühlebach,5912,93
2013,83,83,Weinegg,5022,86
2013,91,91,Albisrieden,19146,109
2013,92,92,Altstetten,31115,129
2013,101,101,Höngg,21581,106
2013,102,102,Wipkingen,15835,117
2013,111,111,Affoltern,25082,122
2013,115,115,Oerlikon,21658,132
2013,119,119,Seebach,24008,127
2013,121,121,Saatlen,7280,102
2013,122,122,Schwamendingen-Mitte,11209,113
2013,123,123,Hirzenbach,11153,107
2014,11,11,Rathaus,3236,82
2014,12,12,Hochschulen,634,40
2014,13,13,Lindenhof,955,49
2014,14,14,City,791,44
2014,21,21,Wollishofen,16137,105
2014,23,23,Leimbach,5936,92
2014,24,24,Enge,9083,99
2014,31,31,Alt-Wiedikon,16918,115
2014,33,33,Friesenberg,10695,98
2014,34,34,Sihlfeld,21195,116
2014,41,41,Werd,4428,88
2014,42,42,Langstrasse,10985,109
2014,44,44,Hard,13232,117
2014,51,51,Gewerbeschule,9539,104
2014,52,52,Escher Wyss,4604,83
2014,61,61,Unterstrass,22126,122
2014,63,63,Oberstrass,10556,101
2014,71,71,Fluntern,7865,92
2014,72,72,Hottingen,10882,100
2014,73,73,Hirslanden,7403,88
2014,74,74,Witikon,10406,99
2014,81,81,Seefeld,5035,84
2014,82,82,Mühlebach,6107,94
2014,83,83,Weinegg,5036,86
2014,91,91,Albisrieden,19199,112
2014,92,92,Altstetten,31486,126
2014,101,101,Höngg,21826,114
2014,102,102,Wipkingen,15717,115
2014,111,111,Affoltern,25902,123
2014,115,115,Oerlikon,21895,130
2014,119,119,Seebach,24431,127
2014,121,121,Saatlen,7563,97
2014,122,122,Schwamendingen-Mitte,11301,111
2014,123,123,Hirzenbach,11679,110
2015,11,11,Rathaus,3197,75
2015,12,12,Hochschulen,641,42
2015,13,13,Lindenhof,974,49
2015,14,14,City,805,52
2015,21,21,Wollishofen,16244,104
2015,23,23,Leimbach,6102,95
2015,24,24,Enge,9257,98
2015,31,31,Alt-Wiedikon,17158,115
2015,33,33,Friesenberg,10698,101
2015,34,34,Sihlfeld,21339,119
2015,41,41,Werd,4460,87
2015,42,42,Langstrasse,11169,106
2015,44,44,Hard,13072,118
2015,51,51,Gewerbeschule,9608,100
2015,52,52,Escher Wyss,5457,95
2015,61,61,Unterstrass,22226,123
2015,63,63,Oberstrass,10641,98
2015,71,71,Fluntern,7953,97
2015,72,72,Hottingen,11081,101
2015,73,73,Hirslanden,7380,85
2015,74,74,Witikon,10639,100
2015,81,81,Seefeld,4990,83
2015,82,82,Mühlebach,6116,92
2015,83,83,Weinegg,5086,92
2015,91,91,Albisrieden,19325,114
2015,92,92,Altstetten,32003,126
2015,101,101,Höngg,22320,111
2015,102,102,Wipkingen,15879,116
2015,111,111,Affoltern,25874,125
2015,115,115,Oerlikon,21966,124
2015,119,119,Seebach,24991,129
2015,121,121,Saatlen,8508,104
2015,122,122,Schwamendingen-Mitte,11315,111
2015,123,123,Hirzenbach,11930,109
2016,11,11,Rathaus,3226,73
2016,12,12,Hochschulen,640,36
2016,13,13,Lindenhof,972,45
2016,14,14,City,810,54
2016,21,21,Wollishofen,16567,106
2016,23,23,Leimbach,6173,96
2016,24,24,Enge,9422,100
2016,31,31,Alt-Wiedikon,17321,116
2016,33,33,Friesenberg,11002,98
2016,34,34,Sihlfeld,21177,111
2016,41,41,Werd,4594,90
2016,42,42,Langstrasse,11145,110
2016,44,44,Hard,12891,114
2016,51,51,Gewerbeschule,9598,102
2016,52,52,Escher Wyss,5825,97
2016,61,61,Unterstrass,22476,133
2016,63,63,Oberstrass,10794,99
2016,71,71,Fluntern,8038,95
2016,72,72,Hottingen,11113,104
2016,73,73,Hirslanden,7321,86
2016,74,74,Witikon,10667,97
2016,81,81,Seefeld,5046,85
2016,82,82,Mühlebach,6137,89
2016,83,83,Weinegg,5030,89
2016,91,91,Albisrieden,21174,116
2016,92,92,Altstetten,31724,124
2016,101,101,Höngg,23423,117
2016,102,102,Wipkingen,16141,114
2016,111,111,Affoltern,26054,122
2016,115,115,Oerlikon,22161,122
2016,119,119,Seebach,25198,124
2016,121,121,Saatlen,8283,101
2016,122,122,Schwamendingen-Mitte,11076,115
2016,123,123,Hirzenbach,12463,116
